Designator,Footprint,Quantity,Value,LCSC Part #
C11,CAPAE1030X1270N,1,1000u,
"C12, C13, C14, C15, C20, C6",cap0603,6,0.1u,
"C16, C17, C18, C19",EIA-7343-D,4,220u,
"C4, C5",cap0603,2,22p,
C7,cap0603,1,1500pF,
"D10, D11, D12, D13, D14, D15, D16, D17, D18, D19, D20, D21, D22, D23, D24, D25, D26, D27, D28, D29, D30, D31, D32, D33, D34, D5, D6, D7, D8, D9",LED-3528,30,LED,
D2,D_DO-201AD_P15.24mm_Horizontal,1,1N5401,
D3,led0603,1,LED,
"H1, H10, H11, H12, H13, H14, H15, H16, H17, H18, H19, H2, H20, H3, H4, H5, H6, H7, H8, H9",MountingHole_3.2mm_M3_Pad_Via,20,MountingHole_Pad,
IC1,LQFP-48_7x7mm_P0.5mm,1,STM32F103CBTx,
"IC2, IC3",SOT95P280X145-6N,2,SN74LVC2G04DBVTG4,
J1,526101433,1,52610-1433,
J2,AMASS_XT30-F,1,XT30,
J3,PinHeader_1x04_P2.54mm_Horizontal,1,PGMR,
J4,AMASS_XT30-F,1,FL,
J5,AMASS_XT30-F,1,FR,
J6,AMASS_XT30-F,1,BL,
J7,AMASS_XT30-F,1,BR,
J8,AMASS_XT60-M,1,XT60,
Q1,TO255P1040X460X2890-3,1,STP75NF75,
Q2,SOT-23,1,AO3400A,
"R1, R10, R11, R12, R13, R14, R15, R16, R17, R18, R19, R2, R20, R21, R22, R23, R24, R25, R26, R27, R28, R29, R3, R30, R4, R5, R6, R7, R8, R9",ALS-PT19,30,R_Photo,
"R31, R33, R38, R39, R43, R44, R45",res0603,7,10K,
R35,res0603,1,20,
"R36, R41",res0603,2,1K,
"R37, R42",res0603,2,3K24,
SW1,SW_PUSH_SPST,1,STM RST,
SW3,PinHeader_1x03_P2.54mm_Vertical,1,M SW,
"U1, U3",buck,2,~,
"U2, U4",SSOP-24_5.3x8.2mm_P0.65mm,2,CD74HC4067SM,
"U5, U6, U7, U8",SOP50P1030X247-39N,4,VNH5050A-E,
Y1,Crystal,1,8Mhz,
